{
  "eurollm_gen_hier_summary": {
    "avg_rouge1_precision": 0.44658595989478794,
    "avg_rouge1_recall": 0.2345293712623666,
    "avg_rouge1_fmeasure": 0.28003495100564846,
    "avg_rouge2_precision": 0.09907270224208345,
    "avg_rouge2_recall": 0.05127246839074626,
    "avg_rouge2_fmeasure": 0.061108010020632084,
    "avg_rougeL_precision": 0.1949751512874965,
    "avg_rougeL_recall": 0.100146002998243,
    "avg_rougeL_fmeasure": 0.11985584072373527,
    "avg_bleu1": 0.18558295526353824,
    "avg_bleu2": 0.08323525325747037,
    "avg_bleu3": 0.041297220305671734,
    "avg_bleu4": 0.021177659432803128,
    "avg_meteor": 0.1450713271510006,
    "avg_bertscore_precision": 0.7570498082056,
    "avg_bertscore_recall": 0.7361600436091993,
    "avg_bertscore_f1": 0.7459484686121416,
    "avg_keyword_overlap": 0.12754429047405333,
    "avg_entity_overlap": 0.1229343872985813,
    "avg_length_ratio": 0.5249137798500219,
    "total_samples": 1045,
    "successful_generations": 1045,
    "failed_generations": 0
  },
  "openai_gpt_4o_gen_hier_summary": {
    "avg_rouge1_precision": 0.5886106694320781,
    "avg_rouge1_recall": 0.28257429515740456,
    "avg_rouge1_fmeasure": 0.35842544531113846,
    "avg_rouge2_precision": 0.20649496218828933,
    "avg_rouge2_recall": 0.09776773309624454,
    "avg_rouge2_fmeasure": 0.12423819132841263,
    "avg_rougeL_precision": 0.2894020694976612,
    "avg_rougeL_recall": 0.13884815084474036,
    "avg_rougeL_fmeasure": 0.17577715458823756,
    "avg_bleu1": 0.22747993148762682,
    "avg_bleu2": 0.1279740185251088,
    "avg_bleu3": 0.07863379730750261,
    "avg_bleu4": 0.04948951174797503,
    "avg_meteor": 0.18355860718919725,
    "avg_bertscore_precision": 0.7834554788598603,
    "avg_bertscore_recall": 0.7595496496515411,
    "avg_bertscore_f1": 0.7710900273619656,
    "avg_keyword_overlap": 0.18826504360162197,
    "avg_entity_overlap": 0.21565465202636405,
    "avg_length_ratio": 0.5114230688079933,
    "total_samples": 1045,
    "successful_generations": 1045,
    "failed_generations": 0
  },
  "llama_3_8b_gen_hier_summary": {
    "avg_rouge1_precision": 0.5001654697340994,
    "avg_rouge1_recall": 0.229815153931163,
    "avg_rouge1_fmeasure": 0.29269096530443905,
    "avg_rouge2_precision": 0.13608691914825985,
    "avg_rouge2_recall": 0.06102338120184269,
    "avg_rouge2_fmeasure": 0.07799708055726658,
    "avg_rougeL_precision": 0.23138707289330696,
    "avg_rougeL_recall": 0.10562981939433824,
    "avg_rougeL_fmeasure": 0.13438540309890773,
    "avg_bleu1": 0.18290828429549916,
    "avg_bleu2": 0.08968283410072819,
    "avg_bleu3": 0.049887906500272416,
    "avg_bleu4": 0.028747205104261483,
    "avg_meteor": 0.14719495476313874,
    "avg_bertscore_precision": 0.7519107503183721,
    "avg_bertscore_recall": 0.7238657073541122,
    "avg_bertscore_f1": 0.7373062224479383,
    "avg_keyword_overlap": 0.1456380755206199,
    "avg_entity_overlap": 0.1444098161291063,
    "avg_length_ratio": 0.49580667952306684,
    "total_samples": 1045,
    "successful_generations": 1045,
    "failed_generations": 0
  },
  "teuken_gen_hier_summary": {
    "avg_rouge1_precision": 0.37776248184652905,
    "avg_rouge1_recall": 0.1186281366387511,
    "avg_rouge1_fmeasure": 0.1630487645099904,
    "avg_rouge2_precision": 0.052430389342869504,
    "avg_rouge2_recall": 0.015314069589762398,
    "avg_rouge2_fmeasure": 0.021254194251825127,
    "avg_rougeL_precision": 0.1739863661772137,
    "avg_rougeL_recall": 0.05084364415632153,
    "avg_rougeL_fmeasure": 0.07032084691045767,
    "avg_bleu1": 0.07938681800318494,
    "avg_bleu2": 0.02837413996908632,
    "avg_bleu3": 0.010549117351530751,
    "avg_bleu4": 0.0043367344497561395,
    "avg_meteor": 0.0781247355647158,
    "avg_bertscore_precision": 0.696558648798886,
    "avg_bertscore_recall": 0.6302921638549288,
    "avg_bertscore_f1": 0.6600365577358396,
    "avg_keyword_overlap": 0.07052585522629652,
    "avg_entity_overlap": 0.06734366837345501,
    "avg_length_ratio": 0.3553030306055873,
    "total_samples": 1045,
    "successful_generations": 1044,
    "failed_generations": 1
  },
  "mistral_v03_gen_hier_summary": {
    "avg_rouge1_precision": 0.5531749996024001,
    "avg_rouge1_recall": 0.2987169839841311,
    "avg_rouge1_fmeasure": 0.35707592620425777,
    "avg_rouge2_precision": 0.1956021198397645,
    "avg_rouge2_recall": 0.1007422406279151,
    "avg_rouge2_fmeasure": 0.12180427303465413,
    "avg_rougeL_precision": 0.2573815885555755,
    "avg_rougeL_recall": 0.13708853276122748,
    "avg_rougeL_fmeasure": 0.16381251015669934,
    "avg_bleu1": 0.23043009978925086,
    "avg_bleu2": 0.12635990612639483,
    "avg_bleu3": 0.07799696198686315,
    "avg_bleu4": 0.050878204495695425,
    "avg_meteor": 0.18714480133534087,
    "avg_bertscore_precision": 0.7918298924368534,
    "avg_bertscore_recall": 0.764481171523555,
    "avg_bertscore_f1": 0.7776789818654221,
    "avg_keyword_overlap": 0.18842349889423937,
    "avg_entity_overlap": 0.1825057569556866,
    "avg_length_ratio": 0.5474752330963821,
    "total_samples": 1045,
    "successful_generations": 1045,
    "failed_generations": 0
  },
  "llama_3_3_70B_gen_hier_summary": {
    "avg_rouge1_precision": 0.6123822534485421,
    "avg_rouge1_recall": 0.29836082044187284,
    "avg_rouge1_fmeasure": 0.37458252587022367,
    "avg_rouge2_precision": 0.23554642788020008,
    "avg_rouge2_recall": 0.1117991654170167,
    "avg_rouge2_fmeasure": 0.14105230260588322,
    "avg_rougeL_precision": 0.3054388079637426,
    "avg_rougeL_recall": 0.1489792166774887,
    "avg_rougeL_fmeasure": 0.18637087120645476,
    "avg_bleu1": 0.23265391272518904,
    "avg_bleu2": 0.13579546068939635,
    "avg_bleu3": 0.0879431343194991,
    "avg_bleu4": 0.0592713309041744,
    "avg_meteor": 0.1931271678957312,
    "avg_bertscore_precision": 0.7918274737431101,
    "avg_bertscore_recall": 0.7556592865994102,
    "avg_bertscore_f1": 0.7730192055257313,
    "avg_keyword_overlap": 0.21321903519596427,
    "avg_entity_overlap": 0.21579700752668815,
    "avg_length_ratio": 0.5155633905235916,
    "total_samples": 1045,
    "successful_generations": 1045,
    "failed_generations": 0
  }
}